protein,ng,rep1,rep2,rep3,norm.rep1,norm.rep2,norm.rep3
WT,100,1.000,1.000,1.000,1.000,1.000,1.000
WT,200,1.500,1.456,1.763,1.000,1.000,1.000
WT,400,1.758,1.809,2.744,1.000,1.000,1.000
WT,800,2.066,2.612,3.138,1.000,1.000,1.000
E80A,100,1.959,1.856,2.142,1.959,1.856,2.142
E80A,200,2.552,2.764,2.953,1.701,1.899,1.674
E80A,400,3.081,3.271,4.444,1.752,1.808,1.620
E80A,800,3.694,3.930,5.114,1.788,1.505,1.630
K88N,100,0.050,0.079,0.105,0.050,0.079,0.105
K88N,200,0.068,0.095,0.119,0.045,0.065,0.067
K88N,400,0.081,0.113,0.137,0.046,0.063,0.050
K88N,800,0.101,0.140,0.170,0.049,0.054,0.054
K88Q,100,0.062,0.075,0.100,0.062,0.075,0.100
K88Q,200,0.076,0.096,0.121,0.051,0.066,0.068
K88Q,400,0.093,0.124,0.141,0.053,0.068,0.051
K88Q,800,0.095,0.140,0.164,0.046,0.054,0.052
R90W,100,0.091,0.135,0.147,0.091,0.135,0.147
R90W,200,0.118,0.151,0.195,0.079,0.104,0.111
R90W,400,0.157,0.198,0.355,0.089,0.109,0.129
R90W,800,0.174,0.270,0.373,0.084,0.103,0.119